Link,Line,Dir,Order,From NLC,From ASC,From Station,To NLC,To ASC,To Station,Total,Early     ,AM Peak   ,Midday    ,PM Peak   ,Evening   ,Late      ,0500-0515,0515-0530,0530-0545,0545-0600,0600-0615,0615-0630,0630-0645,0645-0700,0700-0715,0715-0730,0730-0745,0745-0800,0800-0815,0815-0830,0830-0845,0845-0900,0900-0915,0915-0930,0930-0945,0945-1000,1000-1015,1015-1030,1030-1045,1045-1100,1100-1115,1115-1130,1130-1145,1145-1200,1200-1215,1215-1230,1230-1245,1245-1300,1300-1315,1315-1330,1330-1345,1345-1400,1400-1415,1415-1430,1430-1445,1445-1500,1500-1515,1515-1530,1530-1545,1545-1600,1600-1615,1615-1630,1630-1645,1645-1700,1700-1715,1715-1730,1730-1745,1745-1800,1800-1815,1815-1830,1830-1845,1845-1900,1900-1915,1915-1930,1930-1945,1945-2000,2000-2015,2015-2030,2030-2045,2045-2100,2100-2115,2115-2130,2130-2145,2145-2200,2200-2215,2215-2230,2230-2245,2245-2300,2300-2315,2315-2330,2330-2345,2345-0000,0000-0015,0015-0030,0030-0045,0045-0100,0100-0115,0115-0130,0130-0145,0145-0200,0200-0215,0215-0230,0230-0245,0245-0300,0300-0315,0315-0330,0330-0345,0345-0400,0400-0415,0415-0430,0430-0445,0445-0500
WRPu_CEN_EB>RUGu_CEN_EB@CEN,Central,EB,1,762,WRPu,West Ruislip,692,RUGu,Ruislip Gardens,1 609,52,208,853,356,109,30,1,3,4,5,7,9,11,13,15,15,14,12,14,15,17,18,20,20,23,25,29,32,35,35,35,31,37,35,42,39,48,39,45,36,40,30,35,30,35,28,35,33,37,31,37,32,33,26,30,25,30,29,33,30,29,23,22,17,14,12,10,8,6,4,4,4,4,4,5,5,5,4,4,3,1,1,1,0,0,0,0,0,0,0,0,0,0,0,0,0,0,0,0,0,0,0
RUGu_CEN_EB>SRPu_CEN_EB@CEN,Central,EB,2,692,RUGu,Ruislip Gardens,710,SRPu,South Ruislip,2 698,96,369,1 454,546,187,46,3,4,8,10,13,15,22,21,24,23,27,21,24,25,33,30,34,38,46,42,48,53,63,55,58,63,64,64,66,74,77,70,66,75,65,58,64,58,49,51,48,51,57,55,52,56,48,43,47,45,42,45,44,41,44,38,32,29,26,18,17,15,13,8,8,7,8,6,7,7,7,6,6,5,4,2,2,0,0,0,0,0,0,0,0,0,0,0,0,0,0,0,0,0,0,0
SRPu_CEN_EB>NHTu_CEN_EB@CEN,Central,EB,3,710,SRPu,South Ruislip,657,NHTu,Northolt,4 498,177,627,2 388,910,308,88,5,8,9,21,26,28,36,43,41,40,47,41,41,43,55,50,57,64,78,71,79,85,101,90,96,108,108,104,106,118,107,111,102,121,107,114,103,105,87,91,80,92,85,88,82,90,79,83,75,80,73,78,71,73,69,58,49,44,40,28,28,25,23,16,16,14,15,12,14,14,14,10,12,9,7,4,3,1,0,0,0,0,0,0,0,0,0,0,0,0,0,0,0,0,0,0
NHTu_CEN_EB>GFDu_CEN_EB@CEN,Central,EB,4,657,NHTu,Northolt,589,GFDu,Greenford,9 817,681,1 595,4 886,1 753,705,197,22,36,52,84,96,114,134,144,126,136,117,106,99,124,126,134,138,166,156,167,171,204,189,196,197,217,214,216,234,230,239,215,234,216,236,204,217,193,200,176,185,165,181,158,168,154,167,144,159,144,158,141,139,139,131,108,99,101,74,68,62,64,48,45,40,40,32,32,31,34,27,27,22,19,14,11,6,4,2,0,0,0,0,0,0,0,0,0,0,0,0,0,0,0,0,0
GFDu_CEN_EB>PERu_CEN_EB@CEN,Central,EB,5,589,GFDu,Greenford,673,PERu,Perivale,13 673,1 042,2 332,6 618,2 446,966,269,29,51,80,104,155,187,217,218,230,211,183,160,159,174,178,187,193,221,213,224,227,264,251,260,264,287,261,296,287,312,299,327,289,323,289,309,275,296,259,280,237,253,229,243,211,236,206,221,198,216,194,216,193,206,180,169,136,134,103,93,85,85,65,61,56,54,46,47,45,45,38,36,29,25,19,15,9,6,3,0,0,0,0,0,0,0,0,0,0,0,0,0,0,0,0,0
PERu_CEN_EB>HLNu_CEN_EB@CEN,Central,EB,6,673,PERu,Perivale,595,HLNu,Hanger Lane,15 493,1 085,2 689,7 441,2 802,1 139,337,16,56,89,118,174,186,214,232,246,225,235,215,198,191,196,227,219,226,236,274,257,267,279,318,295,297,323,358,321,326,360,343,329,364,348,319,333,306,292,316,292,262,281,255,240,268,256,233,248,231,226,249,242,217,210,181,158,143,130,113,110,89,81,72,72,59,57,55,58,53,50,43,41,30,23,17,13,6,3,0,0,0,0,0,0,0,0,0,0,0,0,0,0,0,0,0
HLNu_CEN_EB>NACu_CEN_EB@CEN,Central,EB,7,595,HLNu,Hanger Lane,653,NACu,North Acton,18 788,1 197,3 237,9 056,3 440,1 435,423,20,36,100,133,161,213,271,264,285,296,267,231,236,231,244,253,297,287,300,311,359,345,359,363,406,372,362,392,396,394,394,449,440,434,394,422,371,367,385,373,329,341,305,304,318,312,285,306,276,284,302,301,294,286,252,224,218,179,161,140,132,110,100,91,90,74,72,69,71,59,62,54,51,40,37,22,17,8,3,0,0,0,0,0,0,0,0,0,0,0,0,0,0,0,0,0
EBYu_CEN_EB>WACu_CEN_EB@CEN,Central,EB,8,560,EBYu,Ealing Broadway,753,WACu,West Acton,10 283,384,1 232,5 072,2 069,953,573,11,17,21,41,45,68,81,100,101,108,100,94,85,84,86,91,103,118,127,136,145,158,173,188,202,211,211,211,212,238,245,256,264,252,218,232,218,211,222,217,189,209,196,194,198,188,163,187,176,180,189,182,161,163,147,136,129,115,99,92,81,76,67,63,55,59,55,62,61,68,58,61,46,45,35,40,29,29,22,16,5,5,1,1,0,0,0,2,3,5,5,6,7,9,8,8
WACu_CEN_EB>NACu_CEN_EB@CEN,Central,EB,9,753,WACu,West Acton,653,NACu,North Acton,11 111,379,1 347,5 555,2 211,1 010,608,12,19,23,30,54,57,87,97,121,106,115,94,102,88,96,98,122,123,135,146,171,162,181,198,233,230,241,249,257,249,271,283,275,274,255,237,238,243,225,232,219,205,208,218,200,201,196,188,191,204,192,194,187,165,147,146,137,117,108,100,95,76,71,66,64,58,57,62,67,70,64,67,55,46,36,41,28,30,22,16,5,5,1,1,0,0,0,2,3,5,5,6,8,10,8,8
NACu_CEN_EB>EACu_CEN_EB@CEN,Central,EB,10,653,NACu,North Acton,563,EACu,East Acton,33 480,1 594,4 891,16 618,6 265,2 882,1 231,30,58,91,171,219,278,347,400,379,387,368,344,327,338,362,410,443,467,502,564,579,589,628,683,693,701,717,741,752,742,793,824,804,753,748,710,706,699,693,660,627,585,592,597,590,558,547,528,533,544,546,527,525,481,445,443,417,351,317,293,246,220,201,191,171,161,153,161,155,151,153,141,125,110,98,75,66,45,30,15,7,1,1,1,0,0,0,2,3,3,6,8,11,9,9,7
EACu_CEN_EB>WCTu_CEN_EB@CEN,Central,EB,11,563,EACu,East Acton,764,WCTu,White City,35 647,1 535,5 170,17 790,6 736,3 146,1 271,32,53,95,142,213,286,333,381,405,406,364,384,356,359,365,445,450,495,520,620,597,636,653,759,712,749,751,795,772,832,848,879,872,817,768,794,771,741,750,715,650,655,644,629,638,597,562,590,577,569,590,566,540,526,493,489,457,391,345,333,259,245,217,213,175,172,162,177,157,164,158,153,131,121,98,84,61,39,24,13,3,1,1,1,0,0,0,2,4,4,6,9,11,10,10,7
WCTu_CEN_EB>SBCu_CEN_EB@CEN,Central,EB,12,764,WCTu,White City,700,SBCu,Shepherds Bush,37 425,1 485,5 036,18 053,7 386,3 906,1 558,13,55,92,148,218,269,322,368,392,377,375,356,340,332,375,428,452,489,538,581,594,623,671,722,715,743,789,785,799,846,867,878,865,830,820,805,759,774,741,697,702,683,663,688,663,617,638,637,618,646,636,604,611,591,565,561,525,457,425,384,331,308,294,271,242,231,224,216,199,191,198,183,169,154,140,100,70,39,20,4,1,1,1,1,1,1,1,3,2,6,10,13,11,16,13,9
SBCu_CEN_EB>HPKu_CEN_EB@CEN,Central,EB,13,700,SBCu,Shepherds Bush,608,HPKu,Holland Park,51 060,1 391,5 606,22 752,11 412,7 026,2 871,18,43,98,142,190,252,295,353,376,385,387,393,357,366,431,474,528,575,657,676,721,749,823,841,875,894,941,950,962,997,1 047,1 039,1 037,1 080,1 047,1 011,1 026,980,932,970,958,925,978,968,942,966,966,953,994,959,942,973,947,916,944,911,841,789,741,659,605,558,544,502,478,449,448,412,392,362,378,339,335,297,259,175,122,56,20,5,1,1,1,1,1,1,1,5,5,10,14,21,17,23,17,13
HPKu_CEN_EB>NHGu_CEN_EB@CEN,Central,EB,14,608,HPKu,Holland Park,663,NHGu,Notting Hill Gate,53 705,1 369,5 562,24 049,12 232,7 434,3 059,19,43,98,142,196,251,295,325,360,369,370,375,366,378,421,468,528,595,645,687,738,789,822,869,911,949,962,1 004,1 050,1 047,1 078,1 132,1 118,1 118,1 154,1 082,1 049,1 057,1 000,1 003,1 057,1 000,1 005,1 056,1 020,1 011,1 070,1 031,1 029,1 051,1 020,1 018,1 053,1 001,970,958,894,820,779,715,651,600,565,534,504,476,463,434,410,393,403,370,345,312,270,184,128,79,33,4,1,1,1,1,1,1,1,1,5,7,14,16,21,22,20,12
NHGu_CEN_EB>QWYu_CEN_EB@CEN,Central,EB,15,663,NHGu,Notting Hill Gate,681,QWYu,Queensway,64 793,1 241,5 647,28 765,15 873,9 351,3 916,12,42,68,134,172,214,262,336,332,361,375,375,351,387,420,484,540,625,666,731,781,861,879,949,996,1 078,1 089,1 156,1 211,1 277,1 264,1 331,1 377,1 370,1 355,1 373,1 317,1 290,1 293,1 285,1 293,1 318,1 295,1 326,1 365,1 342,1 353,1 391,1 353,1 334,1 360,1 338,1 316,1 296,1 240,1 185,1 129,1 054,977,913,825,764,698,668,621,596,563,541,512,500,487,487,452,412,353,262,161,99,42,4,1,1,1,1,1,1,1,1,5,8,17,19,25,26,23,14
QWYu_CEN_EB>LANu_CEN_EB@CEN,Central,EB,16,681,QWYu,Queensway,629,LANu,Lancaster Gate,73 096,1 276,6 288,32 186,18 086,10 691,4 569,14,45,71,139,178,222,272,336,343,374,389,390,380,413,460,542,618,726,788,866,924,1 006,1 024,1 089,1 134,1 209,1 218,1 291,1 321,1 360,1 414,1 455,1 490,1 544,1 516,1 465,1 490,1 442,1 414,1 484,1 462,1 436,1 495,1 500,1 500,1 559,1 534,1 525,1 563,1 521,1 505,1 563,1 503,1 475,1 448,1 390,1 291,1 241,1 115,1 037,938,869,796,759,705,678,642,621,590,578,567,555,533,484,419,309,205,113,50,4,1,1,1,1,1,1,1,1,5,8,19,21,29,30,26,16
LANu_CEN_EB>MARu_CEN_EB@CEN,Central,EB,17,629,LANu,Lancaster Gate,640,MARu,Marble Arch,78 251,1 274,6 572,34 462,19 550,11 420,4 973,16,41,74,109,183,226,284,342,376,365,381,384,385,414,474,563,665,768,855,943,1 030,1 084,1 116,1 179,1 243,1 278,1 308,1 381,1 458,1 455,1 501,1 593,1 585,1 579,1 630,1 564,1 521,1 565,1 515,1 522,1 599,1 550,1 552,1 653,1 626,1 625,1 696,1 657,1 637,1 698,1 649,1 649,1 684,1 605,1 522,1 501,1 411,1 290,1 208,1 118,1 018,921,853,807,753,711,676,655,632,610,597,618,563,516,462,359,218,149,73,11,1,1,1,1,1,1,1,1,5,8,19,21,29,31,27,17
MARu_CEN_EB>BDSu_CEN_EB@CEN,Central,EB,18,640,MARu,Marble Arch,524,BDSu,Bond Street,86 331,1 238,6 494,36 357,22 492,13 616,6 135,15,46,70,119,160,221,281,327,357,381,390,375,403,411,462,534,658,742,849,932,1 054,1 078,1 139,1 187,1 283,1 280,1 341,1 394,1 465,1 487,1 593,1 628,1 680,1 718,1 694,1 647,1 694,1 654,1 639,1 711,1 708,1 693,1 787,1 806,1 830,1 895,1 872,1 864,1 944,1 907,1 899,1 971,1 910,1 841,1 816,1 743,1 648,1 551,1 418,1 311,1 214,1 086,1 029,968,916,857,823,796,782,736,749,736,709,639,580,427,295,170,82,11,1,1,1,1,1,1,1,4,7,13,19,30,34,41,34,28
BDSu_CEN_EB>OXCu_CEN_EB@CEN,Central,EB,19,524,BDSu,Bond Street,669,OXCu,Oxford Circus,90 639,1 201,6 122,36 411,24 645,15 485,6 775,17,45,68,114,152,212,272,321,350,375,379,369,389,397,442,507,604,680,777,852,968,1 009,1 069,1 122,1 208,1 209,1 264,1 318,1 384,1 438,1 511,1 619,1 704,1 705,1 751,1 773,1 720,1 729,1 788,1 735,1 791,1 844,1 835,1 916,2 015,1 961,2 011,2 080,2 037,2 071,2 152,2 094,2 099,2 122,2 044,1 957,1 918,1 754,1 597,1 479,1 367,1 237,1 174,1 103,1 038,981,940,897,874,825,789,790,755,671,595,465,305,175,87,16,6,4,2,3,3,2,2,2,22,45,53,66,75,65,42,35
OXCu_CEN_EB>TCRu_CEN_EB@CEN,Central,EB,20,669,OXCu,Oxford Circus,728,TCRu,Tottenham Court Road,88 220,1 045,5 408,34 423,23 924,15 548,7 873,20,34,66,100,140,189,229,268,315,321,329,346,357,353,395,455,526,587,669,753,825,878,937,983,1 040,1 088,1 138,1 204,1 254,1 336,1 452,1 529,1 625,1 720,1 720,1 708,1 746,1 690,1 699,1 743,1 723,1 732,1 822,1 830,1 883,1 964,1 953,1 969,2 038,2 004,2 025,2 099,2 049,2 019,2 002,1 917,1 801,1 719,1 592,1 486,1 374,1 271,1 204,1 123,1 062,1 004,974,938,933,919,923,892,858,772,685,529,382,238,130,32,9,4,3,4,3,3,2,1,21,56,71,90,102,98,63,48
TCRu_CEN_EB>HOLu_CEN_EB@CEN,Central,EB,21,728,TCRu,Tottenham Court Road,607,HOLu,Holborn,87 529,1 084,4 893,30 050,23 539,16 717,11 246,30,48,82,110,152,168,228,265,297,311,334,328,332,339,360,414,458,511,570,640,688,741,776,830,872,920,962,1 023,1 098,1 129,1 222,1 327,1 366,1 411,1 500,1 454,1 467,1 527,1 502,1 535,1 637,1 608,1 662,1 795,1 789,1 842,1 970,1 948,1 983,2 075,2 027,2 026,2 096,1 989,1 909,1 886,1 778,1 656,1 604,1 526,1 446,1 374,1 311,1 256,1 216,1 185,1 169,1 194,1 236,1 251,1 259,1 262,1 194,1 064,934,721,494,298,153,34,12,8,9,12,13,11,10,7,87,92,190,213,252,180,173,76
HOLu_CEN_EB>CYLu_CEN_EB@CEN,Central,EB,22,607,HOLu,Holborn,541,CYLu,Chancery Lane,98 848,1 164,5 369,31 694,26 767,19 532,14 322,39,59,85,127,157,184,233,281,322,351,365,377,388,378,405,458,500,548,604,672,720,765,801,859,897,945,991,1 055,1 097,1 133,1 222,1 340,1 388,1 474,1 564,1 547,1 555,1 630,1 616,1 674,1 786,1 786,1 851,1 999,2 015,2 090,2 228,2 218,2 266,2 376,2 307,2 301,2 376,2 252,2 185,2 154,2 042,1 891,1 844,1 730,1 663,1 581,1 532,1 482,1 454,1 421,1 440,1 450,1 497,1 517,1 538,1 522,1 474,1 403,1 237,1 009,733,491,234,78,16,11,15,20,26,23,23,16,97,102,203,237,287,214,201,99
CYLu_CEN_EB>STPu_CEN_EB@CEN,Central,EB,23,541,CYLu,Chancery Lane,697,STPu,St Pauls,98 122,1 164,5 030,31 153,26 747,19 444,14 583,41,62,88,129,158,183,229,274,296,325,338,344,355,360,389,431,477,516,575,625,684,723,765,814,859,904,960,1 018,1 070,1 157,1 205,1 323,1 425,1 463,1 509,1 581,1 534,1 561,1 650,1 654,1 714,1 827,1 832,1 921,2 066,2 087,2 160,2 286,2 267,2 308,2 374,2 310,2 300,2 322,2 185,2 082,2 025,1 893,1 773,1 726,1 649,1 588,1 527,1 478,1 436,1 425,1 424,1 501,1 547,1 585,1 593,1 592,1 481,1 338,1 204,1 011,731,488,304,114,16,11,15,20,26,23,23,16,97,102,204,238,288,215,202,100
STPu_CEN_EB>BNKu_CEN_EB@CEN,Central,EB,24,697,STPu,St Pauls,513,BNKu,Bank,95 786,1 128,4 468,29 294,26 589,19 506,14 801,26,51,89,119,156,195,233,260,292,288,298,298,308,316,353,386,429,458,502,538,593,631,674,717,772,811,866,921,978,1 060,1 160,1 233,1 335,1 432,1 434,1 471,1 517,1 499,1 528,1 638,1 636,1 709,1 822,1 856,1 949,2 107,2 112,2 200,2 320,2 294,2 310,2 393,2 312,2 278,2 219,2 096,1 976,1 906,1 777,1 737,1 668,1 603,1 552,1 502,1 451,1 435,1 428,1 471,1 527,1 578,1 574,1 572,1 552,1 401,1 255,1 071,792,487,302,113,14,15,13,21,26,26,23,19,49,102,167,238,264,263,202,136
BNKu_CEN_EB>LSTu_CEN_EB@CEN,Central,EB,25,513,BNKu,Bank,634,LSTu,Liverpool Street,98 649,1 096,4 798,30 656,26 976,19 752,15 371,26,50,90,118,157,182,222,251,284,290,321,327,341,354,387,420,466,493,541,574,627,658,704,746,810,857,924,988,1 062,1 111,1 221,1 283,1 409,1 504,1 547,1 579,1 648,1 587,1 616,1 693,1 674,1 727,1 842,1 839,1 966,2 115,2 130,2 214,2 366,2 313,2 360,2 425,2 368,2 320,2 270,2 129,2 079,1 980,1 846,1 792,1 720,1 588,1 546,1 498,1 454,1 434,1 426,1 389,1 466,1 508,1 550,1 599,1 615,1 528,1 408,1 192,862,602,331,125,16,15,13,21,26,26,23,19,49,103,168,240,266,264,202,136
LSTu_CEN_EB>BNGu_CEN_EB@CEN,Central,EB,26,634,LSTu,Liverpool Street,520,BNGu,Bethnal Green,91 276,1 172,4 950,29 551,23 753,17 789,14 062,34,58,84,130,156,193,243,274,304,322,331,331,361,367,405,433,472,504,540,579,631,671,710,757,825,890,950,1 016,1 091,1 132,1 226,1 274,1 375,1 469,1 503,1 519,1 584,1 526,1 506,1 561,1 528,1 539,1 631,1 636,1 725,1 849,1 870,1 931,2 057,2 034,2 055,2 116,2 073,2 050,2 044,1 950,1 865,1 799,1 673,1 569,1 513,1 452,1 396,1 341,1 322,1 289,1 284,1 287,1 355,1 366,1 399,1 372,1 349,1 299,1 221,1 073,877,643,388,192,56,12,14,12,27,25,23,19,57,90,169,206,262,243,194,115
BNGu_CEN_EB>MLEu_CEN_EB@CEN,Central,EB,27,520,BNGu,Bethnal Green,642,MLEu,Mile End,85 595,1 111,4 863,28 205,22 037,16 116,13 263,35,49,86,113,158,175,223,270,300,303,328,341,339,367,399,434,463,499,523,565,601,646,681,735,785,857,874,937,998,1 094,1 107,1 267,1 359,1 400,1 442,1 549,1 474,1 481,1 509,1 444,1 440,1 516,1 462,1 547,1 674,1 675,1 747,1 899,1 846,1 898,1 978,1 908,1 902,1 970,1 815,1 725,1 703,1 578,1 449,1 438,1 385,1 326,1 269,1 235,1 205,1 185,1 158,1 186,1 225,1 255,1 255,1 303,1 311,1 205,1 180,1 068,843,582,421,179,53,11,14,12,27,25,23,19,57,90,162,194,244,224,175,103
MLEu_CEN_EB>SFDu_CEN_EB@CEN,Central,EB,28,642,MLEu,Mile End,719,SFDu,Stratford,77 646,1 026,4 594,27 422,20 214,13 647,10 742,22,48,68,112,135,178,211,250,265,282,293,305,328,351,380,413,446,478,503,550,593,636,671,729,785,845,904,973,1 028,1 079,1 102,1 197,1 295,1 337,1 403,1 499,1 457,1 436,1 460,1 404,1 365,1 420,1 381,1 422,1 540,1 561,1 599,1 732,1 708,1 747,1 822,1 771,1 741,1 799,1 647,1 546,1 557,1 440,1 297,1 274,1 208,1 101,1 033,1 001,961,943,917,915,956,990,998,1 046,1 059,1 014,940,832,657,481,298,155,65,17,10,14,20,26,23,22,16,98,104,175,202,238,148,134
SFDu_CEN_EB>LEYu_CEN_EB@CEN,Central,EB,29,719,SFDu,Stratford,632,LEYu,Leyton,59 418,788,3 523,19 402,15 430,11 374,8 902,19,40,59,78,108,131,160,194,228,234,256,266,275,279,295,314,325,332,347,372,393,426,458,499,535,573,612,669,715,758,803,862,891,947,992,1 018,1 034,1 057,1 023,1 017,1 028,1 010,1 016,1 068,1 095,1 147,1 212,1 254,1 300,1 325,1 363,1 376,1 366,1 362,1 359,1 269,1 208,1 160,1 082,1 020,983,938,901,868,838,810,790,776,778,777,815,843,858,840,812,704,601,439,293,162,86,13,10,14,19,25,22,21,15,55,58,113,137,166,117,107
LEYu_CEN_EB>LYSu_CEN_EB@CEN,Central,EB,30,632,LEYu,Leyton,633,LYSu,Leytonstone,49 866,613,3 011,15 283,13 545,9 867,7 547,16,22,41,64,78,107,129,155,175,206,200,230,238,249,249,278,281,291,294,318,330,354,370,398,417,438,461,495,530,566,606,633,688,733,750,788,828,809,814,840,825,846,881,880,931,990,1 017,1 097,1 177,1 175,1 199,1 248,1 198,1 195,1 183,1 134,1 047,1 018,932,894,852,821,776,757,723,704,677,666,657,654,665,687,698,705,717,639,529,393,255,112,48,11,11,12,19,24,23,21,17,10,58,95,129,139,136,81
LYSu_CEN_EB>SNBu_CEN_EB@CEN,Central,EB,31,633,LYSu,Leytonstone,703,SNBu,Snaresbrook,22 563,233,1 440,7 205,6 101,4 320,3 264,4,8,15,19,26,36,59,65,81,100,103,100,114,116,118,131,137,137,149,153,164,174,191,201,218,227,245,270,290,306,308,324,315,317,333,346,340,361,357,354,383,385,381,416,421,426,485,511,509,555,559,534,535,548,517,502,484,452,419,388,367,344,338,318,313,303,303,291,292,286,304,315,330,358,339,295,238,169,85,48,19,6,4,2,4,10,10,9,9,10,12,12,23,31,28,18
SNBu_CEN_EB>SWFu_CEN_EB@CEN,Central,EB,32,703,SNBu,Snaresbrook,712,SWFu,South Woodford,20 988,215,1 395,6 695,5 716,4 002,2 965,4,8,8,21,26,35,43,69,78,87,93,110,109,111,123,132,131,131,143,147,157,166,182,191,208,216,233,241,253,266,290,283,312,318,314,322,337,313,329,347,329,356,375,359,391,423,418,475,500,479,491,527,495,507,516,493,450,420,390,359,340,319,314,294,290,279,279,269,269,263,280,290,272,287,318,276,222,191,123,43,17,5,3,3,1,1,0,0,0,0,0,9,18,25,25,25
SWFu_CEN_EB>WFDu_CEN_EB@CEN,Central,EB,33,712,SWFu,South Woodford,769,WFDu,Woodford,16 747,174,1 138,5 361,4 419,3 190,2 464,3,7,7,16,20,28,36,59,60,75,81,87,83,98,96,101,107,115,114,121,126,141,143,154,164,184,185,203,226,238,232,247,251,239,250,251,242,254,261,253,275,281,271,292,305,305,346,362,360,387,408,376,416,408,383,363,364,318,307,290,274,269,247,234,227,231,217,213,212,219,217,218,234,251,240,240,204,155,98,62,13,7,2,2,1,1,0,0,0,0,0,8,16,21,20,20
WFDu_CEN_EB>BHLu_CEN_EB@CEN,Central,EB,34,769,WFDu,Woodford,531,BHLu,Buckhurst Hill,11 405,113,890,3 690,2 895,2 139,1 678,2,2,3,7,13,20,30,38,53,63,67,69,75,75,71,75,81,86,85,91,97,107,107,115,124,137,135,147,149,153,156,165,175,175,172,173,167,164,173,176,170,185,181,187,205,212,206,235,236,238,245,265,255,279,255,264,246,236,198,201,178,175,160,154,153,157,142,140,141,147,140,143,158,172,164,168,146,108,70,44,11,6,4,2,1,1,1,0,0,0,0,6,11,11,11,11
BHLu_CEN_EB>LTNu_CEN_EB@CEN,Central,EB,35,531,BHLu,Buckhurst Hill,636,LTNu,Loughton,9 860,103,777,3 275,2 447,1 794,1 464,2,2,3,6,8,18,28,35,49,55,55,57,64,62,65,66,75,74,76,81,94,94,98,106,118,121,124,132,143,141,148,156,154,146,153,141,142,152,151,141,156,150,150,166,171,164,183,182,190,210,219,224,234,227,218,226,206,191,176,161,147,143,138,132,136,127,121,117,124,120,115,130,142,148,147,142,123,91,59,37,21,6,4,2,1,1,1,0,0,0,0,6,11,11,11,11
LTNu_CEN_EB>DEBu_CEN_EB@CEN,Central,EB,36,636,LTNu,Loughton,557,DEBu,Debden,6 658,63,557,2 165,1 668,1 263,943,0,1,2,4,6,9,14,27,32,43,48,51,47,47,42,41,49,48,52,56,66,66,69,74,85,83,83,89,88,91,92,98,94,105,94,97,92,100,89,99,94,104,99,112,106,120,115,129,137,142,136,142,161,158,162,160,168,137,122,109,113,96,90,87,94,86,82,79,85,80,77,78,85,87,103,98,93,73,52,20,11,1,0,0,0,0,0,0,0,0,0,0,0,0,0,0
DEBu_CEN_EB>THBu_CEN_EB@CEN,Central,EB,37,557,DEBu,Debden,725,THBu,Theydon Bois,5 035,35,366,1 626,1 257,994,757,0,0,1,2,3,5,8,17,21,28,28,32,27,27,24,31,31,35,38,46,46,50,52,59,60,65,65,71,73,77,77,80,75,71,69,70,66,67,70,63,68,74,76,81,84,80,88,99,97,102,114,109,114,120,125,126,124,109,100,94,80,75,72,74,67,67,64,68,61,61,60,65,65,72,87,83,72,59,42,17,9,3,0,0,0,0,0,0,0,0,0,0,0,0,0,0
THBu_CEN_EB>EPPu_CEN_EB@CEN,Central,EB,38,725,THBu,Theydon Bois,572,EPPu,Epping,4 128,23,298,1 236,1 054,860,658,0,0,1,1,2,3,6,9,16,19,22,23,24,21,21,25,27,29,32,39,38,39,40,45,46,50,50,54,51,51,51,54,50,56,53,55,51,58,52,55,53,61,56,65,63,71,70,81,77,89,85,96,102,108,106,108,99,94,87,81,77,67,61,63,57,57,61,58,53,53,51,51,56,54,61,73,68,53,45,29,8,3,0,0,0,0,0,0,0,0,0,0,0,0,0,0
LYSu_CEN_EB>WANu_CEN_EB@CEN,Central,EB,39,633,LYSu,Leytonstone,743,WANu,Wanstead,20 616,285,1 301,5 988,5 469,4 255,3 318,11,11,20,27,43,45,56,73,76,77,86,103,98,112,116,125,122,128,128,131,131,139,140,143,146,153,158,156,173,185,211,225,276,291,311,340,359,342,363,358,332,351,360,345,384,399,387,436,463,462,494,506,487,501,485,464,448,434,400,395,371,364,342,329,308,303,288,273,266,273,271,277,268,276,264,266,213,177,118,74,14,8,7,9,15,14,14,12,8,0,45,79,98,98,98,53
WANu_CEN_EB>REDu_CEN_EB@CEN,Central,EB,40,743,WANu,Wanstead,684,REDu,Redbridge,18 416,251,1 157,5 225,4 804,3 874,3 106,4,11,19,26,32,50,53,56,71,81,79,85,97,94,96,101,112,110,114,114,118,115,117,117,125,128,133,142,156,163,168,202,219,231,274,308,301,326,328,301,309,319,298,326,338,328,356,387,388,432,441,425,442,443,408,416,411,379,363,357,345,327,313,300,290,271,263,255,245,242,248,251,254,263,254,256,209,161,109,68,11,8,7,9,7,15,14,12,8,8,45,78,78,96,96,51
REDu_CEN_EB>GHLu_CEN_EB@CEN,Central,EB,41,684,REDu,Redbridge,582,GHLu,Gants Hill,15 923,192,1 001,4 560,4 163,3 335,2 672,3,9,16,21,24,37,40,42,55,64,66,72,84,83,86,91,100,98,101,101,104,101,103,103,108,110,114,121,127,134,146,161,194,211,239,273,283,270,290,276,261,280,282,267,297,298,295,335,357,346,381,381,358,380,377,356,354,348,312,307,297,279,267,255,248,229,223,217,210,206,210,211,205,206,210,197,172,138,101,55,22,7,7,9,7,15,14,12,8,8,45,78,78,94,94,49
GHLu_CEN_EB>NEPu_CEN_EB@CEN,Central,EB,42,582,GHLu,Gants Hill,650,NEPu,Newbury Park,10 288,124,624,3 057,2 706,2 117,1 660,2,5,10,13,17,20,27,29,38,40,43,44,50,49,52,59,62,61,60,66,63,61,62,66,68,72,76,80,94,99,108,118,130,144,165,172,191,193,178,179,187,174,189,191,183,196,208,207,222,244,234,243,250,249,227,241,221,208,196,205,183,180,170,171,155,147,139,142,131,132,136,145,144,145,147,140,117,89,65,34,14,5,4,3,3,3,2,1,1,1,21,21,38,46,46,25
NEPu_CEN_EB>BDEu_CEN_EB@CEN,Central,EB,43,650,NEPu,Newbury Park,515,BDEu,Barkingside,5 775,62,377,1 910,1 539,1 121,767,1,3,6,7,9,10,10,15,17,22,24,29,29,32,30,36,38,38,38,44,41,39,40,42,42,44,46,48,55,58,63,70,85,98,104,109,124,116,114,120,121,108,116,107,108,119,121,119,139,134,132,138,141,131,129,127,128,120,108,109,99,88,82,87,77,75,70,77,70,70,71,73,68,66,67,69,60,48,36,21,5,2,0,0,0,0,0,0,0,0,2,2,7,10,10,8
BDEu_CEN_EB>FLPu_CEN_EB@CEN,Central,EB,44,515,BDEu,Barkingside,576,FLPu,Fairlop,4 526,50,289,1 525,1 198,835,629,1,3,3,5,8,8,8,13,15,17,18,20,21,25,23,27,31,30,28,33,30,31,31,33,34,38,37,40,46,49,53,58,71,73,83,87,90,93,99,90,96,95,84,83,91,84,93,97,93,103,110,103,110,116,100,99,97,85,83,78,70,66,69,60,59,55,59,55,56,54,56,57,58,55,57,60,48,38,29,17,4,2,0,0,0,0,0,0,0,0,0,2,7,9,9,9
FLPu_CEN_EB>HAIu_CEN_EB@CEN,Central,EB,45,576,FLPu,Fairlop,592,HAIu,Hainault,3 316,42,200,1 014,936,632,492,1,3,3,4,7,8,7,9,13,12,14,16,19,16,19,19,19,17,19,18,18,18,20,20,20,21,23,26,28,31,33,35,36,42,46,55,59,69,67,73,68,73,65,68,64,72,69,79,76,81,83,88,80,84,85,76,73,71,68,58,55,47,48,43,43,40,44,43,44,42,45,44,44,43,42,47,40,32,23,18,3,1,0,0,0,0,0,0,0,0,0,0,5,6,6,6
HAIu_CEN_EB>GRHu_CEN_EB@CEN,Central,EB,46,592,HAIu,Hainault,587,GRHu,Grange Hill,322,7,44,110,80,51,29,0,0,0,1,1,1,2,2,2,3,4,5,4,5,4,4,3,4,3,4,3,4,4,5,4,5,5,5,3,4,4,3,3,5,5,5,5,6,6,5,5,7,6,4,6,6,6,5,6,7,6,7,7,8,7,8,6,7,6,5,3,4,4,3,3,3,3,3,2,4,4,4,3,4,3,2,1,1,0,0,0,0,0,0,0,0,0,0,0,0,0,0,0,0,0,0
GRHu_CEN_EB>CHGu_CEN_EB@CEN,Central,EB,47,587,GRHu,Grange Hill,544,CHGu,Chigwell,414,31,90,166,74,38,16,0,0,1,4,5,6,6,8,8,10,10,10,9,7,6,5,7,7,6,5,8,8,7,7,9,9,8,9,9,7,8,6,5,7,8,5,7,7,6,5,6,6,6,4,6,6,7,5,6,6,7,5,7,7,7,5,7,6,4,3,4,3,2,2,2,2,2,2,2,2,2,2,2,2,1,1,1,0,0,0,0,0,0,0,0,0,0,0,0,0,0,0,0,0,0,0
CHGu_CEN_EB>RODu_CEN_EB@CEN,Central,EB,48,544,CHGu,Chigwell,688,RODu,Roding Valley,575,68,163,212,90,35,7,0,0,1,11,11,12,13,21,23,23,25,24,16,7,8,6,8,9,9,7,9,10,10,8,12,11,11,8,12,10,10,8,10,10,10,7,9,9,8,6,7,7,5,5,8,8,8,8,8,7,8,6,8,8,7,5,6,5,4,3,4,3,2,2,2,2,2,1,2,1,1,1,1,1,0,0,0,0,0,0,0,0,0,0,0,0,0,0,0,0,0,0,0,0,0,0
RODu_CEN_EB>WFDu_CEN_WB@CEN,Central,EB,49,688,RODu,Roding Valley,769,WFDu,Woodford,725,100,237,236,103,41,9,0,0,1,16,17,17,17,32,18,38,38,39,26,27,6,8,9,10,7,10,10,11,8,11,12,12,9,12,12,11,12,12,11,11,9,8,10,9,6,8,9,9,7,10,9,9,7,9,10,9,7,10,10,8,7,8,6,5,4,4,4,3,2,3,3,3,2,2,2,2,1,1,1,1,0,0,0,0,0,0,0,0,0,0,0,0,0,0,0,0,0,0,0,0,0,0
EPPu_CEN_WB>THBu_CEN_WB@CEN,Central,WB,1,572,EPPu,Epping,725,THBu,Theydon Bois,4 975,188,735,2 720,929,315,88,6,11,13,23,29,31,36,39,39,37,40,41,55,50,56,65,83,78,91,100,119,107,117,124,142,124,134,149,142,137,146,134,117,126,103,98,102,92,79,90,79,84,91,86,79,91,79,86,94,87,75,80,77,63,61,57,54,36,36,34,31,21,21,18,17,14,17,17,16,13,13,10,10,8,8,6,4,1,0,0,0,0,0,0,0,0,0,0,0,0,0,0,0,0,0,0
THBu_CEN_WB>DEBu_CEN_WB@CEN,Central,WB,2,725,THBu,Theydon Bois,557,DEBu,Debden,5 963,200,844,3 213,1 187,394,126,4,12,14,14,32,38,41,44,56,43,46,47,62,56,63,73,94,89,102,113,134,120,132,141,151,135,157,159,167,174,168,151,156,142,130,135,126,108,109,98,98,112,110,101,108,104,101,117,116,111,106,97,94,87,75,70,67,46,45,42,39,28,27,22,22,17,19,20,22,17,18,16,15,12,11,7,6,2,0,0,0,0,0,0,0,0,0,0,0,0,0,0,0,0,0,0
DEBu_CEN_WB>LTNu_CEN_WB@CEN,Central,WB,3,557,DEBu,Debden,636,LTNu,Loughton,7 910,278,1 081,4 220,1 568,575,189,6,10,22,29,39,52,58,62,62,65,60,72,71,80,78,101,103,115,120,153,149,157,156,193,176,195,189,221,193,210,200,219,190,211,188,185,162,165,134,149,146,144,139,148,129,138,138,147,142,150,129,141,127,120,103,103,81,71,61,66,52,47,41,40,28,28,28,32,28,28,24,26,19,20,16,14,7,5,1,0,0,0,0,0,0,0,0,0,0,0,0,0,0,0,0,0
LTNu_CEN_WB>BHLu_CEN_WB@CEN,Central,WB,4,636,LTNu,Loughton,531,BHLu,Buckhurst Hill,11 373,352,1 429,6 024,2 386,886,296,7,12,28,39,52,67,75,72,82,79,80,85,97,98,117,125,144,157,178,188,202,212,230,241,254,272,284,284,304,295,285,300,299,269,289,273,235,227,222,214,213,209,199,210,196,198,224,222,210,212,218,196,198,189,173,150,136,115,102,90,81,68,63,53,45,43,45,43,45,40,39,34,34,29,27,19,15,7,2,0,0,0,0,0,0,0,0,0,0,0,0,0,1,1,1,1
BHLu_CEN_WB>WFDu_CEN_WB@CEN,Central,WB,5,531,BHLu,Buckhurst Hill,769,WFDu,Woodford,13 405,404,1 730,6 985,2 869,1 074,343,9,16,25,45,60,70,87,92,96,94,103,100,113,117,141,154,177,192,217,227,240,251,270,283,297,310,330,330,331,321,339,341,329,340,343,306,287,285,244,247,248,227,235,253,230,244,256,242,251,263,257,250,253,228,213,184,165,140,125,109,98,84,77,65,55,51,53,51,48,47,47,41,39,37,31,21,16,8,2,0,0,0,0,0,0,0,0,0,0,0,0,0,0,2,2,1
WFDu_CEN_WB>SWFu_CEN_WB@CEN,Central,WB,6,769,WFDu,Woodford,712,SWFu,South Woodford,19 632,718,2 764,10 105,3 970,1 606,470,17,29,46,75,114,131,145,161,167,176,183,190,197,211,206,231,262,296,311,332,351,377,380,405,433,485,468,477,523,504,472,521,510,445,476,449,394,396,380,331,324,334,321,351,350,344,358,355,338,359,350,320,324,319,282,273,247,220,183,167,150,133,110,97,83,76,70,70,72,69,59,59,50,46,37,31,19,14,2,0,0,0,0,0,0,0,0,0,0,0,1,1,1,3,2,2
SWFu_CEN_WB>SNBu_CEN_WB@CEN,Central,WB,7,712,SWFu,South Woodford,703,SNBu,Snaresbrook,24 318,857,3 492,12 534,4 875,1 963,598,22,22,61,75,107,165,202,203,229,248,220,226,236,255,262,296,334,372,394,418,435,464,477,507,541,564,553,602,607,601,631,636,588,597,579,537,540,507,452,453,427,396,420,419,392,414,415,409,438,438,428,428,418,390,372,333,297,264,223,201,180,159,136,121,105,97,91,90,84,87,76,75,65,67,48,39,25,16,2,0,0,0,0,0,0,0,0,0,0,0,1,1,2,4,4,3
SNBu_CEN_WB>LYSu_CEN_WB@CEN,Central,WB,8,703,SNBu,Snaresbrook,633,LYSu,Leytonstone,26 176,872,3 643,13 553,5 237,2 204,668,12,23,66,81,114,185,194,198,233,241,219,244,254,258,279,309,358,385,420,442,474,480,511,535,588,632,643,642,664,679,631,682,676,634,621,622,546,546,528,458,462,459,422,417,453,415,448,471,473,470,464,432,430,427,382,370,340,291,256,226,204,175,154,136,121,105,100,96,97,98,89,85,77,71,50,41,26,17,2,0,0,0,0,0,0,0,0,0,0,0,1,1,2,4,4,3
WFDu_CEN_EB>RODu_CEN_WB@CEN,Central,WB,9,769,WFDu,Woodford,688,RODu,Roding Valley,829,5,60,302,209,169,85,0,0,0,0,0,1,1,2,1,3,4,4,4,6,6,5,7,7,7,5,8,9,10,8,10,10,10,8,12,12,12,12,12,13,13,11,12,15,16,13,19,19,22,16,20,19,21,15,19,19,19,13,16,16,18,13,16,17,18,12,15,15,14,10,13,13,14,11,13,12,12,7,10,9,8,5,5,3,1,0,0,0,0,0,0,0,0,0,0,0,0,0,0,0,0,0
RODu_CEN_WB>CHGu_CEN_WB@CEN,Central,WB,10,688,RODu,Roding Valley,544,CHGu,Chigwell,558,4,50,187,137,127,52,0,0,0,0,0,1,1,1,1,3,4,4,5,5,5,3,5,5,5,4,6,6,7,5,7,7,6,5,6,7,7,5,7,8,8,6,9,9,10,8,12,12,14,11,14,13,10,11,13,12,12,12,10,9,12,9,11,13,14,9,12,12,11,8,10,10,11,8,9,8,7,4,5,5,5,3,3,2,1,0,0,0,0,0,0,0,0,0,0,0,0,0,0,0,0,0
CHGu_CEN_WB>GRHu_CEN_WB@CEN,Central,WB,11,544,CHGu,Chigwell,587,GRHu,Grange Hill,420,5,33,137,97,104,44,0,0,0,0,0,1,2,2,2,3,2,2,3,4,3,3,3,3,2,3,4,4,3,4,4,5,4,5,5,5,5,5,6,6,6,5,7,7,5,6,9,9,8,10,10,9,7,10,9,9,6,8,7,7,6,9,9,10,8,10,9,10,7,9,9,9,7,9,8,6,4,6,4,4,3,4,2,1,0,0,0,0,0,0,0,0,0,0,0,0,0,0,0,0,0,0
GRHu_CEN_WB>HAIu_CEN_WB@CEN,Central,WB,12,587,GRHu,Grange Hill,592,HAIu,Hainault,421,10,46,178,89,76,22,0,0,0,0,0,2,4,4,4,6,3,5,5,6,4,4,2,2,2,2,3,3,2,3,4,5,5,17,17,17,15,16,5,5,3,6,5,5,4,6,6,5,9,12,13,11,11,9,7,3,3,4,3,8,8,10,9,10,5,7,6,7,5,6,6,6,4,5,4,4,3,3,3,2,1,1,1,0,0,0,0,0,0,0,0,0,0,0,0,0,0,0,0,0,0,0
HAIu_CEN_WB>FLPu_CEN_WB@CEN,Central,WB,13,592,HAIu,Hainault,576,FLPu,Fairlop,3 712,525,710,1 560,531,275,111,16,27,38,58,85,100,99,102,92,71,60,59,56,53,51,49,55,55,53,55,64,59,56,59,70,61,68,85,86,83,85,84,72,71,60,67,60,57,57,58,49,50,50,52,55,55,50,53,45,44,38,41,36,37,37,40,39,35,30,23,24,20,19,19,19,16,14,15,16,14,15,14,14,11,9,5,4,1,0,0,0,0,0,0,0,0,0,0,0,0,1,1,1,2,2,2
FLPu_CEN_WB>BDEu_CEN_WB@CEN,Central,WB,14,576,FLPu,Fairlop,515,BDEu,Barkingside,5 006,620,903,2 147,841,357,139,19,33,49,73,93,110,121,123,111,98,85,72,63,65,62,63,64,76,70,74,77,85,77,81,84,90,90,102,111,110,110,111,100,90,96,88,86,88,84,76,80,69,75,86,85,82,90,80,75,73,68,61,60,54,57,54,49,47,40,33,29,29,24,24,23,22,18,19,18,18,18,18,18,15,12,7,4,1,0,0,0,0,0,0,0,0,0,0,0,0,1,1,1,3,3,2
BDEu_CEN_WB>NEPu_CEN_WB@CEN,Central,WB,15,515,BDEu,Barkingside,650,NEPu,Newbury Park,6 344,752,1 174,2 711,1 096,445,165,12,41,63,76,116,150,145,149,150,122,104,100,86,80,77,85,82,96,92,101,97,98,93,113,109,117,115,133,127,135,137,140,127,124,114,109,118,104,106,105,97,89,103,101,107,109,107,102,106,94,91,88,79,72,73,68,61,55,47,43,37,34,34,32,27,25,26,24,22,22,21,20,18,18,13,11,5,3,0,0,0,0,0,0,0,0,0,0,0,0,1,1,1,3,3,3
NEPu_CEN_WB>GHLu_CEN_WB@CEN,Central,WB,16,650,NEPu,Newbury Park,582,GHLu,Gants Hill,11 662,1 260,2 186,5 174,1 894,874,274,21,37,106,129,205,249,270,243,248,205,181,177,162,157,158,163,174,180,189,191,204,203,213,218,227,247,239,247,261,264,234,261,242,220,227,226,198,206,193,163,171,169,159,182,186,170,186,185,164,161,167,144,143,137,135,115,117,103,99,89,86,73,66,58,54,46,43,40,42,38,35,36,31,27,20,16,8,5,0,0,0,0,0,0,0,0,0,0,0,0,0,1,2,5,4,4
GHLu_CEN_WB>REDu_CEN_WB@CEN,Central,WB,17,582,GHLu,Gants Hill,684,REDu,Redbridge,17 991,1 809,3 360,8 097,2 839,1 416,471,34,63,104,209,269,341,392,397,346,324,279,245,249,240,246,264,275,282,298,311,306,312,326,345,368,375,372,406,384,366,394,396,354,381,376,330,347,332,290,281,284,244,262,265,253,267,282,257,273,265,248,220,218,193,194,170,174,163,155,140,132,120,111,100,89,81,77,73,70,64,65,56,53,42,37,24,19,7,4,0,0,0,0,0,0,0,0,0,1,1,1,2,4,7,6,6
REDu_CEN_WB>WANu_CEN_WB@CEN,Central,WB,18,684,REDu,Redbridge,743,WANu,Wanstead,20 985,1 976,3 971,9 552,3 324,1 639,524,40,73,121,233,301,352,412,444,393,368,349,309,285,277,287,309,326,338,357,373,370,377,394,415,421,449,447,439,455,453,432,463,460,427,442,424,382,388,363,317,328,313,284,309,310,297,324,322,295,304,278,255,252,243,223,219,202,189,179,162,152,138,127,115,104,95,90,85,81,73,73,64,60,48,42,27,21,8,5,0,0,0,0,0,0,0,0,0,1,1,1,2,4,4,4,3
WANu_CEN_WB>LYSu_CEN_WB@CEN,Central,WB,19,743,WANu,Wanstead,633,LYSu,Leytonstone,23 378,2 040,4 223,10 774,3 878,1 858,605,41,74,125,239,310,364,427,460,409,382,363,322,298,293,306,331,353,368,390,408,409,418,438,463,473,473,474,499,498,487,530,529,504,510,504,454,468,440,400,396,379,337,348,344,335,361,364,347,363,346,323,321,312,278,277,251,231,215,205,184,171,154,142,129,117,108,103,98,93,85,84,74,70,57,48,32,24,9,5,0,0,0,0,0,0,0,0,0,1,1,1,3,5,4,4,3
LYSu_CEN_WB>LEYu_CEN_WB@CEN,Central,WB,20,633,LYSu,Leytonstone,632,LEYu,Leyton,57 102,3 231,9 209,27 735,10 487,4 853,1 588,64,117,196,313,456,608,696,781,800,763,693,674,638,629,675,737,816,869,941,974,1 014,1 025,1 089,1 132,1 204,1 222,1 270,1 269,1 328,1 326,1 310,1 343,1 359,1 273,1 258,1 270,1 167,1 118,1 090,996,953,948,880,890,919,889,898,945,902,907,916,887,863,849,784,728,670,596,547,494,444,395,360,317,287,261,248,235,221,213,204,190,175,161,134,98,68,39,17,2,0,0,0,0,0,0,0,1,2,4,6,9,8,14,11,10
LEYu_CEN_WB>SFDu_CEN_WB@CEN,Central,WB,21,632,LEYu,Leyton,719,SFDu,Stratford,68 329,3 988,11 060,32 026,13 222,6 063,1 969,82,107,258,410,536,718,904,973,984,976,894,833,756,743,798,871,948,1 020,1 092,1 147,1 167,1 182,1 238,1 299,1 340,1 376,1 435,1 431,1 476,1 506,1 496,1 505,1 554,1 479,1 428,1 447,1 388,1 319,1 297,1 229,1 158,1 139,1 073,1 064,1 096,1 077,1 111,1 214,1 199,1 188,1 205,1 149,1 062,1 035,974,911,836,753,684,622,553,494,449,400,356,325,303,289,276,269,245,229,208,188,157,126,89,54,24,2,0,0,0,0,0,0,0,2,4,8,10,14,14,20,16,14
SFDu_CEN_WB>MLEu_CEN_WB@CEN,Central,WB,22,719,SFDu,Stratford,642,MLEu,Mile End,85 072,4 211,12 407,38 145,17 645,8 805,3 860,68,140,228,396,570,752,969,1 087,1 088,1 046,1 015,913,884,884,927,1 008,1 067,1 129,1 189,1 257,1 280,1 329,1 401,1 504,1 582,1 632,1 667,1 729,1 782,1 744,1 794,1 850,1 809,1 734,1 748,1 667,1 610,1 585,1 526,1 492,1 488,1 410,1 379,1 405,1 371,1 379,1 474,1 532,1 592,1 639,1 608,1 575,1 504,1 406,1 311,1 254,1 120,1 016,906,836,747,688,642,608,555,569,562,556,544,554,508,475,430,379,300,210,130,70,26,2,1,0,0,0,0,0,0,0,12,15,28,34,44,38,35,22
MLEu_CEN_WB>BNGu_CEN_WB@CEN,Central,WB,23,642,MLEu,Mile End,520,BNGu,Bethnal Green,95 507,4 364,14 437,43 244,19 012,10 058,4 391,75,145,246,366,623,770,985,1 156,1 263,1 194,1 210,1 137,1 083,1 045,1 087,1 142,1 221,1 275,1 363,1 418,1 474,1 514,1 597,1 686,1 794,1 852,1 946,2 016,2 008,2 022,2 070,2 018,2 013,2 031,1 929,1 873,1 877,1 747,1 705,1 730,1 638,1 574,1 601,1 529,1 510,1 562,1 547,1 613,1 728,1 693,1 698,1 691,1 612,1 507,1 477,1 375,1 299,1 177,1 056,956,870,779,730,683,643,622,628,615,613,613,579,525,482,414,334,247,168,90,45,7,2,1,1,1,1,1,1,0,16,22,36,41,51,43,36,22
BNGu_CEN_WB>LSTu_CEN_WB@CEN,Central,WB,24,520,BNGu,Bethnal Green,634,LSTu,Liverpool Street,102 375,4 291,14 909,46 500,20 489,11 052,5 135,81,116,201,389,562,769,1 021,1 154,1 225,1 237,1 193,1 126,1 135,1 081,1 126,1 192,1 290,1 349,1 446,1 509,1 577,1 612,1 702,1 797,1 909,1 979,2 089,2 086,2 168,2 190,2 163,2 171,2 254,2 126,2 091,2 094,1 970,1 903,1 919,1 810,1 780,1 773,1 682,1 652,1 689,1 612,1 664,1 768,1 776,1 806,1 881,1 796,1 730,1 690,1 594,1 482,1 417,1 289,1 161,1 051,960,860,800,749,708,685,691,680,681,678,639,611,564,488,395,301,182,93,39,7,2,2,1,2,1,1,1,0,19,44,54,75,81,78,53,43
LSTu_CEN_WB>BNKu_CEN_WB@CEN,Central,WB,25,634,LSTu,Liverpool Street,513,BNKu,Bank,110 977,3 707,14 771,52 206,22 280,12 001,6 013,64,120,205,320,473,664,866,996,1 128,1 175,1 139,1 098,1 103,1 072,1 100,1 188,1 288,1 387,1 488,1 605,1 705,1 781,1 875,2 008,2 138,2 238,2 296,2 394,2 468,2 436,2 453,2 510,2 441,2 399,2 394,2 272,2 216,2 201,2 076,2 037,2 055,1 957,1 918,1 940,1 865,1 848,1 893,1 872,1 911,1 979,1 923,1 910,1 895,1 816,1 708,1 660,1 529,1 407,1 252,1 145,1 035,948,868,828,768,756,727,737,733,753,695,676,606,533,431,347,230,139,68,20,4,2,3,3,3,2,2,0,54,68,114,127,152,106,92,46
BNKu_CEN_WB>STPu_CEN_WB@CEN,Central,WB,26,513,BNKu,Bank,697,STPu,St Pauls,107 780,3 210,13 243,51 313,22 214,11 851,5 949,65,115,191,295,425,532,706,881,968,1 017,1 045,1 013,967,967,984,1 060,1 154,1 247,1 346,1 475,1 592,1 678,1 778,1 914,2 045,2 144,2 219,2 316,2 402,2 367,2 391,2 447,2 392,2 357,2 390,2 276,2 222,2 219,2 107,2 053,2 094,1 992,1 949,1 970,1 896,1 860,1 909,1 862,1 886,1 946,1 890,1 875,1 887,1 814,1 720,1 670,1 550,1 421,1 266,1 144,1 041,934,858,809,754,709,686,678,680,689,676,650,606,543,448,344,239,139,62,19,6,3,3,3,3,2,2,0,54,71,123,138,168,122,105,53
STPu_CEN_WB>CYLu_CEN_WB@CEN,Central,WB,27,697,STPu,St Pauls,541,CYLu,Chancery Lane,110 144,2 997,12 480,51 949,23 766,12 538,6 413,66,114,146,288,363,509,674,837,884,969,947,910,917,908,931,1 000,1 110,1 188,1 293,1 422,1 549,1 630,1 739,1 868,2 006,2 114,2 197,2 307,2 405,2 386,2 411,2 487,2 423,2 404,2 435,2 330,2 269,2 292,2 168,2 133,2 179,2 082,2 041,2 093,2 013,1 991,2 040,2 000,2 015,2 088,2 028,2 023,2 020,1 936,1 834,1 777,1 639,1 501,1 343,1 204,1 097,989,913,857,809,742,729,716,724,724,732,684,640,578,490,384,282,177,85,32,5,3,3,3,3,2,2,0,54,72,127,142,173,128,110,55
CYLu_CEN_WB>HOLu_CEN_WB@CEN,Central,WB,28,541,CYLu,Chancery Lane,607,HOLu,Holborn,110 318,2 747,12 020,51 974,23 988,12 859,6 731,68,88,148,237,356,455,628,767,907,906,919,897,889,843,894,957,1 065,1 141,1 242,1 359,1 491,1 577,1 693,1 822,1 967,2 088,2 253,2 301,2 400,2 466,2 423,2 421,2 496,2 422,2 376,2 408,2 284,2 242,2 246,2 156,2 134,2 167,2 071,2 068,2 106,2 029,2 010,2 087,2 035,2 052,2 103,2 047,1 969,1 949,1 854,1 746,1 663,1 543,1 389,1 239,1 123,1 021,934,875,827,765,745,735,738,740,773,728,685,622,528,391,283,177,83,31,5,4,2,3,3,3,2,1,2,80,102,156,175,198,119,98
HOLu_CEN_WB>TCRu_CEN_WB@CEN,Central,WB,29,607,HOLu,Holborn,728,TCRu,Tottenham Court Road,94 173,2 290,9 973,41 983,21 143,11 690,7 094,31,70,120,191,295,407,528,647,737,756,757,743,731,723,730,798,879,952,1 026,1 142,1 235,1 303,1 366,1 455,1 542,1 623,1 672,1 784,1 817,1 885,1 933,1 955,1 967,2 027,1 939,1 906,1 930,1 843,1 803,1 848,1 791,1 772,1 816,1 770,1 773,1 821,1 769,1 786,1 867,1 826,1 824,1 865,1 788,1 679,1 626,1 517,1 400,1 311,1 204,1 105,1 023,942,868,826,789,744,734,745,769,774,772,772,724,647,541,430,282,170,75,30,9,6,6,11,14,20,18,16,20,93,105,165,188,203,127,108
TCRu_CEN_WB>OXCu_CEN_WB@CEN,Central,WB,30,728,TCRu,Tottenham Court Road,669,OXCu,Oxford Circus,89 852,2 039,9 201,36 711,20 248,12 218,9 435,28,64,116,179,241,382,455,573,650,706,671,702,678,678,684,746,816,882,946,1 043,1 115,1 160,1 208,1 269,1 339,1 403,1 438,1 510,1 580,1 578,1 601,1 671,1 641,1 647,1 674,1 629,1 608,1 660,1 614,1 629,1 697,1 665,1 653,1 722,1 685,1 679,1 746,1 737,1 752,1 808,1 758,1 736,1 712,1 620,1 532,1 483,1 361,1 273,1 182,1 110,1 036,976,919,893,851,838,854,926,975,1 009,1 031,1 001,893,799,672,510,359,232,107,37,12,15,18,45,46,50,43,38,102,178,196,265,296,231,150,126
OXCu_CEN_WB>BDSu_CEN_WB@CEN,Central,WB,31,669,OXCu,Oxford Circus,524,BDSu,Bond Street,86 413,1 883,9 086,34 496,19 049,11 901,9 999,30,61,107,167,229,309,428,552,634,701,719,720,700,695,696,748,791,835,882,963,1 033,1 066,1 114,1 193,1 259,1 317,1 373,1 395,1 460,1 501,1 479,1 530,1 592,1 547,1 547,1 587,1 529,1 535,1 571,1 529,1 567,1 624,1 569,1 579,1 627,1 560,1 570,1 647,1 617,1 627,1 667,1 605,1 598,1 583,1 507,1 439,1 374,1 243,1 150,1 091,1 005,945,886,863,810,800,824,912,959,1 021,1 021,1 045,941,864,727,592,392,252,112,34,12,10,20,29,47,50,48,38,168,166,253,298,351,225,208,114
BDSu_CEN_WB>MARu_CEN_WB@CEN,Central,WB,32,524,BDSu,Bond Street,640,MARu,Marble Arch,83 642,1 743,8 563,32 843,18 662,12 060,9 771,28,54,73,119,215,292,410,551,616,646,672,667,657,680,679,706,749,777,824,892,970,1 009,1 061,1 132,1 206,1 258,1 320,1 368,1 378,1 401,1 435,1 414,1 453,1 517,1 487,1 458,1 516,1 454,1 442,1 501,1 501,1 493,1 561,1 509,1 506,1 549,1 529,1 534,1 632,1 595,1 594,1 641,1 602,1 523,1 522,1 434,1 323,1 245,1 183,1 096,1 038,968,935,879,839,815,846,891,953,1 011,1 054,1 019,1 003,920,785,614,464,258,115,36,8,5,8,12,18,23,22,19,129,127,199,237,282,180,175,96
MARu_CEN_WB>LANu_CEN_WB@CEN,Central,WB,33,640,MARu,Marble Arch,629,LANu,Lancaster Gate,75 584,1 455,7 167,28 518,17 490,11 558,9 395,28,39,68,108,188,252,327,445,537,562,584,612,585,554,548,567,604,632,660,722,792,830,886,965,1 024,1 076,1 131,1 172,1 218,1 208,1 232,1 249,1 237,1 269,1 324,1 273,1 287,1 319,1 271,1 292,1 372,1 332,1 356,1 404,1 360,1 378,1 449,1 419,1 462,1 531,1 481,1 498,1 558,1 495,1 448,1 411,1 301,1 181,1 128,1 042,989,927,901,845,807,782,810,846,902,956,980,967,913,838,739,607,451,296,158,55,16,5,8,12,18,23,22,19,129,127,199,237,278,176,171,92
LANu_CEN_WB>QWYu_CEN_WB@CEN,Central,WB,34,629,LANu,Lancaster Gate,681,QWYu,Queensway,70 700,1 306,6 625,26 622,16 407,10 872,8 868,18,36,62,101,147,219,306,417,483,542,560,553,519,510,496,506,545,583,633,694,767,807,858,908,962,1 011,1 065,1 072,1 103,1 098,1 122,1 136,1 160,1 209,1 242,1 195,1 210,1 228,1 179,1 217,1 271,1 235,1 267,1 301,1 263,1 304,1 346,1 312,1 362,1 417,1 420,1 418,1 469,1 414,1 389,1 293,1 230,1 128,1 086,979,938,879,858,782,754,726,752,759,814,865,917,864,872,808,717,565,459,277,149,53,14,7,7,12,14,25,22,20,14,132,189,237,253,291,171,102
QWYu_CEN_WB>NHGu_CEN_WB@CEN,Central,WB,35,681,QWYu,Queensway,663,NHGu,Notting Hill Gate,62 074,1 112,5 657,23 859,14 339,9 416,7 691,17,34,58,91,132,197,250,335,417,447,449,463,439,410,414,435,470,522,565,625,691,739,772,815,863,911,947,961,995,1 023,1 002,1 028,1 080,1 079,1 088,1 119,1 082,1 068,1 095,1 072,1 086,1 128,1 104,1 109,1 154,1 139,1 144,1 194,1 177,1 203,1 259,1 237,1 242,1 261,1 208,1 119,1 075,1 004,934,859,815,781,731,682,644,632,622,637,673,736,756,762,775,729,642,527,402,242,131,48,12,4,3,6,5,5,4,3,0,107,174,216,228,261,154,87
NHGu_CEN_WB>HPKu_CEN_WB@CEN,Central,WB,36,663,NHGu,Notting Hill Gate,608,HPKu,Holland Park,50 044,962,4 410,16 656,12 439,8 392,7 186,17,30,51,63,115,152,227,306,372,394,410,387,360,357,332,334,341,362,363,398,428,464,464,494,513,557,563,608,613,648,656,688,724,779,776,810,830,816,840,873,847,875,895,894,940,987,964,1 008,1 038,1 042,1 063,1 124,1 103,1 104,1 060,1 006,919,897,817,769,726,717,643,615,578,584,552,575,614,687,674,710,695,656,577,496,375,260,148,60,22,3,3,6,5,5,4,3,0,106,173,212,220,250,144,77
HPKu_CEN_WB>SBCu_CEN_WB@CEN,Central,WB,37,608,HPKu,Holland Park,700,SBCu,Shepherds Bush,47 270,890,4 148,15 285,11 988,8 095,6 865,16,30,39,61,98,147,220,278,360,399,393,367,366,330,304,305,312,331,327,356,379,412,411,440,460,505,511,539,563,576,585,637,660,697,739,742,748,787,777,795,824,811,814,874,876,910,952,948,958,1 036,1 034,1 062,1 105,1 101,1 022,985,906,866,787,740,699,692,619,592,557,562,528,548,587,658,644,681,668,630,551,475,359,248,141,58,21,3,4,3,6,5,4,3,3,106,173,180,218,238,132,65
SBCu_CEN_WB>WCTu_CEN_WB@CEN,Central,WB,38,700,SBCu,Shepherds Bush,764,WCTu,White City,35 524,686,2 937,9 728,9 196,6 942,6 034,15,20,33,51,80,113,164,212,257,285,284,268,264,250,230,223,229,221,209,216,233,246,246,261,280,295,296,307,329,328,349,405,424,441,483,476,478,521,510,519,560,540,558,642,639,649,709,697,719,826,826,842,879,857,777,777,740,708,654,628,610,583,541,525,511,491,469,482,517,554,553,569,589,548,493,425,341,218,129,49,19,3,3,3,6,5,4,3,3,106,164,167,197,212,106,47
WCTu_CEN_WB>EACu_CEN_WB@CEN,Central,WB,39,764,WCTu,White City,563,EACu,East Acton,33 011,494,2 214,8 531,8 971,6 953,5 849,9,19,29,36,51,86,113,152,196,212,202,194,180,175,175,174,180,189,165,171,185,193,187,217,227,234,238,265,267,290,304,346,364,376,399,439,435,458,484,472,488,536,539,587,630,614,634,700,706,771,828,819,836,858,803,770,778,698,642,612,620,559,547,530,535,484,479,469,520,515,545,536,560,497,480,402,346,235,152,61,24,4,2,3,6,5,4,4,3,106,106,160,185,199,93,93
EACu_CEN_WB>NACu_CEN_WB@CEN,Central,WB,40,563,EACu,East Acton,653,NACu,North Acton,31 097,435,2 034,8 061,8 441,6 565,5 560,9,18,23,34,48,79,101,124,163,183,171,175,182,165,154,171,165,164,161,180,171,180,183,213,207,219,226,262,253,273,289,321,312,345,387,408,419,453,436,437,480,502,514,573,565,567,621,652,673,752,746,756,802,782,735,790,714,637,605,631,541,539,509,546,468,460,440,477,435,462,492,532,488,483,450,403,312,249,162,95,33,10,2,3,6,5,4,4,3,106,106,158,182,195,89,89
NACu_CEN_WB>HLNu_CEN_WB@CEN,Central,WB,41,653,NACu,North Acton,595,HLNu,Hanger Lane,16 333,149,1 086,4 449,4 627,3 633,2 389,0,0,0,5,12,24,48,60,83,95,97,89,101,89,85,87,95,88,88,88,99,94,93,99,116,114,120,130,153,147,149,174,184,196,208,243,234,257,239,264,252,290,276,319,304,333,319,366,350,404,389,437,431,455,418,422,399,366,332,324,330,292,279,277,284,249,238,264,257,245,265,260,245,255,224,209,178,126,71,48,5,1,0,0,0,0,0,0,0,0,0,0,0,0,0,0
HLNu_CEN_WB>PERu_CEN_WB@CEN,Central,WB,42,595,HLNu,Hanger Lane,673,PERu,Perivale,13 551,120,890,3 689,3 891,3 002,1 959,0,0,1,5,10,21,31,52,70,74,83,85,78,68,77,70,70,69,76,69,71,72,81,79,85,89,95,107,115,121,136,143,158,167,190,191,214,199,216,204,231,226,253,243,272,256,285,279,319,312,357,344,371,361,383,351,343,304,302,271,256,241,251,224,213,200,207,191,185,185,214,211,216,203,206,173,141,100,77,36,11,1,0,0,0,0,0,0,0,0,0,0,0,0,0,0
PERu_CEN_WB>GFDu_CEN_WB@CEN,Central,WB,43,673,PERu,Perivale,589,GFDu,Greenford,11 952,111,762,3 249,3 400,2 630,1 800,0,0,1,5,10,19,29,47,54,65,66,69,61,68,61,64,62,68,61,63,61,69,66,70,72,87,85,93,96,116,111,128,134,163,157,182,175,192,190,193,184,212,202,211,217,239,226,263,255,296,290,329,313,347,313,312,276,282,241,240,229,235,204,202,191,194,168,169,163,180,175,189,187,197,182,168,138,109,69,33,10,0,0,0,0,0,0,0,0,0,0,0,0,0,0,0
GFDu_CEN_WB>NHTu_CEN_WB@CEN,Central,WB,44,589,GFDu,Greenford,657,NHTu,Northolt,8 513,78,529,2 290,2 445,1 899,1 272,0,0,1,4,8,14,20,31,36,43,44,47,44,49,45,46,45,46,40,43,42,48,48,52,54,65,65,70,72,77,80,82,96,113,118,117,134,124,124,137,142,134,152,145,150,163,170,166,195,193,211,240,247,235,248,227,200,202,190,169,161,166,145,145,138,141,122,122,116,129,126,135,133,139,118,117,93,75,47,33,8,3,0,0,0,0,0,0,0,0,0,0,0,0,0,0
NHTu_CEN_WB>SRPu_CEN_WB@CEN,Central,WB,45,657,NHTu,Northolt,710,SRPu,South Ruislip,4 103,45,262,1 103,1 211,878,604,0,0,1,3,3,8,14,16,20,26,24,21,21,20,19,21,22,21,25,21,23,23,26,24,32,31,34,35,43,42,48,47,53,50,51,53,60,55,60,60,58,61,69,65,74,75,70,78,96,96,115,123,120,123,128,114,108,100,86,75,72,66,67,63,62,59,63,57,52,58,60,59,60,67,58,58,47,38,24,16,4,1,0,0,0,0,0,0,0,0,0,0,0,0,0,0
SRPu_CEN_WB>RUGu_CEN_WB@CEN,Central,WB,46,710,SRPu,South Ruislip,692,RUGu,Ruislip Gardens,2 434,31,166,606,728,540,363,0,0,1,1,2,6,10,12,14,16,14,12,12,13,13,13,16,14,15,15,16,13,15,15,18,17,19,20,22,21,22,24,25,27,28,32,31,33,32,34,32,36,35,38,38,43,42,50,52,62,64,76,74,80,76,72,66,62,53,48,49,41,39,37,40,35,36,34,34,31,32,34,37,34,38,33,31,23,19,10,7,1,0,0,0,0,0,0,0,0,0,0,0,0,0,0
RUGu_CEN_WB>WRPu_CEN_WB@CEN,Central,WB,47,692,RUGu,Ruislip Gardens,762,WRPu,West Ruislip,1 539,26,117,363,463,342,228,0,0,1,1,2,6,7,10,11,12,9,9,8,9,9,10,10,10,10,10,9,10,10,9,10,12,12,13,13,15,15,14,16,16,15,16,18,17,19,18,20,20,23,22,25,24,28,28,33,34,42,43,51,53,54,47,48,39,32,29,30,25,25,23,23,23,23,22,22,22,21,22,23,21,24,20,18,14,12,6,4,0,0,0,0,0,0,0,0,0,0,0,0,0,0,0
NACu_CEN_WB>WACu_CEN_WB@CEN,Central,WB,48,653,NACu,North Acton,753,WACu,West Acton,11 382,172,667,3 326,3 081,2 102,2 033,9,12,19,23,25,25,27,32,37,35,39,45,43,43,58,68,68,72,76,80,76,81,87,100,93,97,100,114,109,132,136,136,146,147,149,167,172,155,178,170,179,203,207,193,223,212,222,258,264,249,288,277,265,280,279,264,245,230,204,206,170,172,156,169,141,141,131,138,123,130,139,160,145,151,155,130,106,98,64,34,25,7,1,1,1,1,1,0,0,0,72,100,115,115,115,43
WACu_CEN_WB>EBYu_CEN_WB@CEN,Central,WB,49,753,WACu,West Acton,560,EBYu,Ealing Broadway,10 651,169,599,3 177,2 907,1 925,1 874,9,12,19,23,23,25,27,32,32,34,36,41,39,43,53,61,61,64,70,66,66,68,85,86,94,91,110,98,121,123,133,132,146,139,153,152,151,154,157,162,188,185,187,196,199,200,228,228,233,247,253,258,272,274,258,259,225,210,187,189,157,158,143,156,129,128,119,125,111,117,125,124,130,136,128,116,106,89,58,43,24,16,1,1,1,1,1,0,0,0,72,98,113,113,113,41
